"Planning and Regulatory Committee",http://www.surreycc.public-i.tv/core/portal/webcast_interactive/144043,"Planning and Regulatory Committee 03/09/2014 10.30 am Ashcombe Suite County Hall Kingston upon Thames Surrey KT1 2DN",http://www.surreycc.public-i.tv/core/portal/webcast_interactive/144043,"Wed 03 Sep 2014 10:30:00 +0100"
"Planning and Regulatory Committee",http://www.surreycc.public-i.tv/core/portal/webcast_interactive/139141,"Planning and Regulatory Committee 30/07/2014 10.30 am Ashcombe Suite County Hall Kingston upon Thames Surrey KT1 2DN",http://www.surreycc.public-i.tv/core/portal/webcast_interactive/139141,"Wed 30 Jul 2014 10:30:00 +0100"
"Communities Select Committee",http://www.surreycc.public-i.tv/core/portal/webcast_interactive/139140,"Communities Select Committee23/07/2014 10.00 am ",http://www.surreycc.public-i.tv/core/portal/webcast_interactive/139140,"Wed 23 Jul 2014 10:00:00 +0100"
Cabinet,http://www.surreycc.public-i.tv/core/portal/webcast_interactive/139139,"Cabinet 22/07/2014 2.00 pm Ashcombe Suite County Hall Kingston upon Thames Surrey KT1 2DN",http://www.surreycc.public-i.tv/core/portal/webcast_interactive/139139,"Tue 22 Jul 2014 14:00:00 +0100"
"Planning and Regulatory Committee",http://www.surreycc.public-i.tv/core/portal/webcast_interactive/138939,"Planning and Regulatory Committee16/07/2014 10.30 am Ashcombe Suite County Hall Kingston upon Thames Surrey KT1 2DN",http://www.surreycc.public-i.tv/core/portal/webcast_interactive/138939,"Wed 16 Jul 2014 10:30:00 +0100"
Council,http://www.surreycc.public-i.tv/core/portal/webcast_interactive/138938,"Council 15/07/2014 10.30 am Council Chamber County Hall Kingston upon Thames Surrey KT1 2DN",http://www.surreycc.public-i.tv/core/portal/webcast_interactive/138938,"Tue 15 Jul 2014 10:30:00 +0100"
"Guildford Local Committee",http://www.surreycc.public-i.tv/core/portal/webcast_interactive/139159,"Guildford Local Committee25/06/2014 7.00 pm Guildford Borough Council",http://www.surreycc.public-i.tv/core/portal/webcast_interactive/139159,"Wed 25 Jun 2014 19:00:00 +0100"
"Woking Joint Committee",http://www.surreycc.public-i.tv/core/portal/webcast_interactive/139142,"Woking Joint Committee25/06/2014 6.00 pm Woking Borough Council Civic Offices, Gloucester Square, Woking GU21 6YL",http://www.surreycc.public-i.tv/core/portal/webcast_interactive/139142,"Wed 25 Jun 2014 18:00:00 +0100"
Cabinet,http://www.surreycc.public-i.tv/core/portal/webcast_interactive/137085,"Cabinet 24/06/2014 2.00 pm Ashcombe Suite County Hall Kingston upon Thames Surrey KT1 2DN",http://www.surreycc.public-i.tv/core/portal/webcast_interactive/137085,"Tue 24 Jun 2014 14:00:00 +0100"
"Mole Valley Local Committee",http://www.surreycc.public-i.tv/core/portal/webcast_interactive/136862,"Mole Valley Local Committee 18/06/2014 1.00 pm Council Chamber, Pippbrook, Reigate Road, Dorking, Surrey, RH4 1SJ",http://www.surreycc.public-i.tv/core/portal/webcast_interactive/136862,"Wed 18 Jun 2014 13:00:00 +0100"
"Planning and Regulatory Committee",http://www.surreycc.public-i.tv/core/portal/webcast_interactive/136239,"Planning and Regulatory Committee 11/06/2014 10.30 am Ashcombe Suite County Hall Kingston upon Thames Surrey KT1 2DN",http://www.surreycc.public-i.tv/core/portal/webcast_interactive/136239,"Wed 11 Jun 2014 10:30:00 +0100"
"Surrey Police and Crime Panel",http://www.surreycc.public-i.tv/core/portal/webcast_interactive/136240,"Surrey Police and Crime Panel 10/06/2014 10.30 am Ashcombe Suite County Hall Kingston upon Thames Surrey KT1 2DN",http://www.surreycc.public-i.tv/core/portal/webcast_interactive/136240,"Tue 10 Jun 2014 10:30:00 +0100"
Cabinet,http://www.surreycc.public-i.tv/core/portal/webcast_interactive/135137,"Cabinet 27/05/2014 2.00 pm Ashcombe Suite County Hall Kingston upon Thames Surrey KT1 2DN",http://www.surreycc.public-i.tv/core/portal/webcast_interactive/135137,"Tue 27 May 2014 14:00:00 +0100"
"Planning and Regulatory Committee",http://www.surreycc.public-i.tv/core/portal/webcast_interactive/134669,"Planning and Regulatory Committee2 1/05/2014 10.30 am Ashcombe Suite County Hall Kingston upon Thames Surrey KT1 2DN",http://www.surreycc.public-i.tv/core/portal/webcast_interactive/134669,"Wed 21 May 2014 10:30:00 +0100"
"Communities Select Committee",http://www.surreycc.public-i.tv/core/portal/webcast_interactive/134667,"Communities Select Committee 19/05/2014 10.00 am Ashcombe Suite County Hall Kingston upon Thames Surrey KT1 2DN",http://www.surreycc.public-i.tv/core/portal/webcast_interactive/134667,"Mon, 19 May 2014 10:00:00 +0100"
Council,http://www.surreycc.public-i.tv/core/portal/webcast_interactive/134668,"Council 06/05/2014 10.30 am Council Chamber County Hall Kingston upon Thames Surrey KT1 2DN",http://www.surreycc.public-i.tv/core/portal/webcast_interactive/134668,"Tue 06 May 2014 10:30:00 +0100"
"Surrey Police and Crime Panel",http://www.surreycc.public-i.tv/core/portal/webcast_interactive/132896,"Surrey Police and Crime Panel 29/04/2014 10.30 am Ashcombe Suite County Hall Kingston upon Thames Surrey KT1 2DN",http://www.surreycc.public-i.tv/core/portal/webcast_interactive/132896,"Tue 29 Apr 2014 10:30:00 +0100"
"Planning and Regulatory Committee",http://www.surreycc.public-i.tv/core/portal/webcast_interactive/132445,"Planning and Regulatory Committee 23/04/2014 10.30 am Ashcombe Suite County Hall Kingston upon Thames Surrey KT1 2DN",http://www.surreycc.public-i.tv/core/portal/webcast_interactive/132445,"Wed 23 Apr 2014 10:30:00 +0100"
Cabinet,http://www.surreycc.public-i.tv/core/portal/webcast_interactive/132444,"Cabinet 22/04/2014 2.00 pm Ashcombe Suite County Hall Kingston upon Thames Surrey KT1 2DN",http://www.surreycc.public-i.tv/core/portal/webcast_interactive/132444,"Tue 22 Apr 2014 14:00:00 +0100"
"Planning and Regulatory Committee",http://www.surreycc.public-i.tv/core/portal/webcast_interactive/129458,"Planning and Regulatory Committee 26/03/2014 10.30 am Ashcombe Suite County Hall Kingston upon Thames Surrey KT1 2DN",http://www.surreycc.public-i.tv/core/portal/webcast_interactive/129458,"Wed 26 Mar 2014 10:30:00 +0000"
Cabinet,http://www.surreycc.public-i.tv/core/portal/webcast_interactive/129454,"Cabinet 25/03/2014 2.00 pm Ashcombe Suite County Hall Kingston upon Thames Surrey KT1 2DN",http://www.surreycc.public-i.tv/core/portal/webcast_interactive/129454,"Tue 25 Mar 2014 14:00:00 +0000"
Council,http://www.surreycc.public-i.tv/core/portal/webcast_interactive/129456,"Council Council Chamber County Hall Kingston upon Thames Surrey KT1 2DN",http://www.surreycc.public-i.tv/core/portal/webcast_interactive/129456,"Tue 18 Mar 2014 10:30:00 +0000"
"Planning and Regulatory Committee",http://www.surreycc.public-i.tv/core/portal/webcast_interactive/129457,"Planning and Regulatory Committee Ashcombe Suite County Hall Kingston upon Thames Surrey KT1 2DN",http://www.surreycc.public-i.tv/core/portal/webcast_interactive/129457,"Mon, 17 Mar 2014 10:30:00 +0000"
"Woking Local Committee",http://www.surreycc.public-i.tv/core/portal/webcast_interactive/127949,"Woking Local Committee Woking Borough Council Civic Offices Gloucester Square Woking GU21 6YL",http://www.surreycc.public-i.tv/core/portal/webcast_interactive/127949,"Wed 05 Mar 2014 18:00:00 +0000"
"Mole Valley Local Committee",http://www.surreycc.public-i.tv/core/portal/webcast_interactive/127948,"Mole Valley Local Committee Council Chamber Pippbrook Reigate Road Dorking Surrey RH4 1SJ",http://www.surreycc.public-i.tv/core/portal/webcast_interactive/127948,"Wed 05 Mar 2014 14:00:00 +0000"
"Planning and Regulatory Committee",http://www.surreycc.public-i.tv/core/portal/webcast_interactive/126598,"Planning and Regulatory Committee Ashcombe Suite County Hall Kingston upon Thames Surrey KT1 2DN",http://www.surreycc.public-i.tv/core/portal/webcast_interactive/126598,"Wed 26 Feb 2014 10:30:00 +0000"
Cabinet,http://www.surreycc.public-i.tv/core/portal/webcast_interactive/126597,"Cabinet Ashcombe Suite County Hall Kingston upon Thames Surrey KT1 2DN",http://www.surreycc.public-i.tv/core/portal/webcast_interactive/126597,"Tue 25 Feb 2014 14:00:00 +0000"
Council,http://www.surreycc.public-i.tv/core/portal/webcast_interactive/124975,"Council Council Chamber County Hall Kingston upon Thames Surrey KT1 2DN",http://www.surreycc.public-i.tv/core/portal/webcast_interactive/124975,"Tue 11 Feb 2014 10:30:00 +0000"
"Planning & Regulatory Committee",http://www.surreycc.public-i.tv/core/portal/webcast_interactive/70701,,http://www.surreycc.public-i.tv/core/portal/webcast_interactive/70701,"Wed 20 Jun 2012 10:30:00 +0100"
"Planning & Regulatory Committee - Eco Park",http://www.surreycc.public-i.tv/core/portal/webcast_interactive/59126,,http://www.surreycc.public-i.tv/core/portal/webcast_interactive/59126,"Thu, 30 Jun 2011 10:30:00 +0100"